{"model_dir": "C:\\Users\\Oliver.Frank\\PycharmProjects\\multitask_BeRNN/BeRNN_models/generalModel_200_train-err_validate-err/", "trials": [0], "times": [0.6557416915893555], "cost_DM": [0.18079066574573516], "creg_DM": [0.0], "perf_DM": [0.15], "cost_DM Anti": [0.17954267263412477], "creg_DM Anti": [0.0], "perf_DM Anti": [0.23333333333333334], "cost_EF": [0.1752558708190918], "creg_EF": [0.0], "perf_EF": [0.11666666666666665], "cost_EF Anti": [0.17264175713062285], "creg_EF Anti": [0.0], "perf_EF Anti": [0.13333333333333333], "cost_RP": [0.17096303701400756], "creg_RP": [0.0], "perf_RP": [0.11666666666666665], "cost_RP Anti": [0.1671232223510742], "creg_RP Anti": [0.0], "perf_RP Anti": [0.15], "cost_RP Ctx1": [0.1776161879301071], "creg_RP Ctx1": [0.0], "perf_RP Ctx1": [0.15], "cost_RP Ctx2": [0.16606339812278748], "creg_RP Ctx2": [0.0], "perf_RP Ctx2": [0.25], "cost_WM": [0.18475609123706818], "creg_WM": [0.0], "perf_WM": [0.03333333333333333], "cost_WM Anti": [0.1829303503036499], "creg_WM Anti": [0.0], "perf_WM Anti": [0.0], "cost_WM Ctx1": [0.1859360694885254], "creg_WM Ctx1": [0.0], "perf_WM Ctx1": [0.0], "cost_WM Ctx2": [0.18898873925209045], "creg_WM Ctx2": [0.0], "perf_WM Ctx2": [0.0]}