{"model_dir": "C:\\Users\\Oliver.Frank\\PycharmProjects\\multitask_BeRNN/BeRNN_models/generalModel_CSP_10_WM_acc/", "trials": [0, 2160, 4320, 6480, 8640, 10800, 12960], "times": [0.6647555828094482, 217.502051115036, 433.2374212741852, 648.6358759403229, 864.1609554290771, 1115.1327996253967, 1383.9565501213074], "cost_WM": [0.177377188205719, 0.05147147998213768, 0.051359663158655165, 0.0487357348203659, 0.049553044885396955, 0.04925158843398094, 0.045857150852680204], "creg_WM": [0.0, 0.0, 0.0, 0.0, 0.0, 0.0, 0.0], "perf_WM": [0.09090909090909091, 0.0, 0.0, 0.0, 0.0, 0.0, 0.0]}