{"model_dir": "C:\\Users\\Oliver.Frank\\PycharmProjects\\multitask_BeRNN/BeRNN_models/generalModel_200_train-acc_validate-acc/", "trials": [0], "times": [0.6380305290222168], "cost_DM": [0.16645798087120056], "creg_DM": [0.0], "perf_DM": [0.2166666666666667], "cost_DM Anti": [0.1637904703617096], "creg_DM Anti": [0.0], "perf_DM Anti": [0.29166666666666663], "cost_EF": [0.17376574575901033], "creg_EF": [0.0], "perf_EF": [0.19999999999999998], "cost_EF Anti": [0.16886886060237885], "creg_EF Anti": [0.0], "perf_EF Anti": [0.25], "cost_RP": [0.1652528762817383], "creg_RP": [0.0], "perf_RP": [0.15], "cost_RP Anti": [0.16538341343402863], "creg_RP Anti": [0.0], "perf_RP Anti": [0.2], "cost_RP Ctx1": [0.18723716139793395], "creg_RP Ctx1": [0.0], "perf_RP Ctx1": [0.08333333333333333], "cost_RP Ctx2": [0.1794912576675415], "creg_RP Ctx2": [0.0], "perf_RP Ctx2": [0.09999999999999999], "cost_WM": [0.18490935862064362], "creg_WM": [0.0], "perf_WM": [0.0], "cost_WM Anti": [0.18261944353580475], "creg_WM Anti": [0.0], "perf_WM Anti": [0.016666666666666666], "cost_WM Ctx1": [0.19335277676582335], "creg_WM Ctx1": [0.0], "perf_WM Ctx1": [0.0], "cost_WM Ctx2": [0.19559386372566223], "creg_WM Ctx2": [0.0], "perf_WM Ctx2": [0.0]}