{"model_dir": "C:\\Users\\Oliver.Frank\\PycharmProjects\\multitask_BeRNN\\BeRNN_models\\generalModel_CSP_20\\", "trials": [0, 200, 400, 600], "times": [0.3055095672607422, 323.0031599998474, 653.4338486194611, 971.6223433017731], "cost_DM": [0.1665446400642395, 0.052202819287776946, 0.06210732087492943, 0.04832379668951035], "creg_DM": [0.0, 0.0, 0.0, 0.0], "perf_DM": [0.18333333333333335, 0.2, 0.2, 0.21666666666666665], "cost_DM Anti": [0.17156005799770355, 0.04608562961220741, 0.061348555237054826, 0.041701700910925864], "creg_DM Anti": [0.0, 0.0, 0.0, 0.0], "perf_DM Anti": [0.11666666666666665, 0.2666666666666667, 0.10833333333333332, 0.11666666666666667], "cost_EF": [0.17508319914340972, 0.05372153148055077, 0.06110120937228203, 0.04360452815890312], "creg_EF": [0.0, 0.0, 0.0, 0.0], "perf_EF": [0.2333333333333333, 0.26666666666666666, 0.25, 0.2666666666666667], "cost_EF Anti": [0.17408996522426606, 0.04460141286253929, 0.046008778363466264, 0.044888293743133544], "creg_EF Anti": [0.0, 0.0, 0.0, 0.0], "perf_EF Anti": [0.08333333333333333, 0.13333333333333333, 0.13333333333333333, 0.16666666666666669], "cost_RP": [0.1551967054605484, 0.0494632788002491, 0.04548846557736397, 0.042925513535737994], "creg_RP": [0.0, 0.0, 0.0, 0.0], "perf_RP": [0.18333333333333332, 0.13333333333333333, 0.35, 0.33333333333333337], "cost_RP Anti": [0.15344576239585878, 0.0496627576649189, 0.052087453007698056, 0.0417575366795063], "creg_RP Anti": [0.0, 0.0, 0.0, 0.0], "perf_RP Anti": [0.16666666666666669, 0.2333333333333333, 0.2833333333333333, 0.41666666666666663], "cost_RP Ctx1": [0.15970999598503113, 0.04808378517627716, 0.05709517523646355, 0.04828600883483887], "creg_RP Ctx1": [0.0, 0.0, 0.0, 0.0], "perf_RP Ctx1": [0.16666666666666669, 0.3166666666666667, 0.11666666666666667, 0.2], "cost_RP Ctx2": [0.15268535614013673, 0.046326431632041934, 0.04600541889667511, 0.046784162521362305], "creg_RP Ctx2": [0.0, 0.0, 0.0, 0.0], "perf_RP Ctx2": [0.16666666666666666, 0.41666666666666663, 0.2166666666666667, 0.1], "cost_WM": [0.15713419318199157, 0.03477839529514313, 0.02441534325480461, 0.022931774705648424], "creg_WM": [0.0, 0.0, 0.0, 0.0], "perf_WM": [0.13333333333333333, 0.2833333333333333, 0.016666666666666666, 0.016666666666666666], "cost_WM Anti": [0.1572143852710724, 0.03584124892950058, 0.02088535502552986, 0.026035258546471596], "creg_WM Anti": [0.0, 0.0, 0.0, 0.0], "perf_WM Anti": [0.16666666666666666, 0.3, 0.05333333333333333, 0.06666666666666667], "cost_WM Ctx1": [0.1578838974237442, 0.03598100990056992, 0.02888241745531559, 0.025893836840987207], "creg_WM Ctx1": [0.0, 0.0, 0.0, 0.0], "perf_WM Ctx1": [0.0, 0.3666666666666667, 0.0, 0.016666666666666666], "cost_WM Ctx2": [0.1612253963947296, 0.03480846583843231, 0.02741447277367115, 0.02682984434068203], "creg_WM Ctx2": [0.0, 0.0, 0.0, 0.0], "perf_WM Ctx2": [0.03333333333333333, 0.4333333333333334, 0.016666666666666666, 0.03333333333333333]}