{"model_dir": "/pandora/home/oliver.frank/Desktop/multitask_BeRNN/BeRNN_models/generalModel_CSP_200_pan/", "trials": [0, 2160, 4320, 6480, 8640, 10800, 12960, 15120, 17280, 19440, 21600, 23760, 25920, 28080, 30240, 32400, 34560, 36720, 38880, 41040, 43200, 45360, 47520, 49680, 51840, 54000, 56160, 58320, 60480, 62640, 64800, 66960, 69120, 71280, 73440, 75600, 77760, 79920, 82080, 84240, 86400, 88560, 90720, 92880, 95040, 97200, 99360, 101520, 103680, 105840, 108000, 110160, 112320, 114480, 116640, 118800, 120960, 123120, 125280, 127440, 129600, 131760, 133920, 136080, 138240, 140400, 142560, 144720, 146880, 149040, 151200, 153360, 155520, 157680, 159840, 162000, 164160, 166320, 168480, 170640, 172800, 174960, 177120, 179280, 181440, 183600, 185760, 187920, 190080, 192240, 194400, 196560, 198720, 200880, 203040, 205200, 207360, 209520, 211680, 213840, 216000, 218160, 220320, 222480, 224640, 226800, 228960, 231120, 233280, 235440, 237600, 239760, 241920, 244080, 246240, 248400, 250560, 252720, 254880, 257040, 259200, 261360, 263520, 265680, 267840, 270000, 272160, 274320, 276480, 278640, 280800, 282960, 285120, 287280, 289440, 291600, 293760, 295920, 298080, 300240, 302400, 304560, 306720, 308880, 311040, 313200, 315360, 317520, 319680, 321840, 324000, 326160, 328320, 330480, 332640, 334800, 336960, 339120, 341280, 343440, 345600, 347760, 349920, 352080, 354240, 356400, 358560, 360720, 362880, 365040, 367200, 369360, 371520, 373680, 375840, 378000, 380160, 382320, 384480, 386640, 388800, 390960, 393120, 395280, 397440, 399600, 401760, 403920, 406080, 408240, 410400, 412560, 414720, 416880, 419040, 421200, 423360, 425520, 427680, 429840], "times": [0.17795777320861816, 161.1532769203186, 320.40029740333557, 479.452853679657, 639.4756536483765, 799.9366521835327, 961.5628008842468, 1122.657283782959, 1281.6398465633392, 1441.8053195476532, 1600.896917104721, 1760.5175154209137, 1921.7235763072968, 2081.236429452896, 2240.4431529045105, 2399.5737006664276, 2560.2036962509155, 2719.6257812976837, 2879.347859144211, 3038.856664419174, 3199.2497980594635, 3358.3128819465637, 3519.5406794548035, 3679.60075879097, 3839.090586900711, 3999.751474380493, 4159.546624183655, 4319.41649222374, 4478.7515687942505, 4638.814298391342, 4798.311271190643, 4957.561135530472, 5116.099394321442, 5275.414420843124, 5434.82634973526, 5594.204612016678, 5753.461431980133, 5912.835449457169, 6072.100310564041, 6231.049649715424, 6390.228776693344, 6549.246636867523, 6708.792478084564, 6868.212356328964, 7027.49279665947, 7187.018025875092, 7346.714190483093, 7506.18691778183, 7665.192486047745, 7824.670779705048, 7983.823865652084, 8142.387156009674, 8301.665406942368, 8460.850022792816, 8619.721369743347, 8779.273507595062, 8938.562774896622, 9097.097304105759, 9256.205082178116, 9415.63516831398, 9575.08338046074, 9734.109605073929, 9893.405717134476, 10053.485548496246, 10212.752846002579, 10371.390016555786, 10530.233078956604, 10689.527993917465, 10848.917155981064, 11008.017900943756, 11167.31673502922, 11327.067124605179, 11486.389823436737, 11645.530223846436, 11804.21237206459, 11963.618757486343, 12122.240083932877, 12281.437928199768, 12441.140767335892, 12599.938246011734, 12759.378653049469, 12918.356591939926, 13077.423020601273, 13237.307335853577, 13396.652513027191, 13555.57952594757, 13714.046732187271, 13873.26912522316, 14032.094020605087, 14191.481927633286, 14350.548472881317, 14509.803480386734, 14669.560408115387, 14828.765103578568, 14987.88746547699, 15147.299914121628, 15306.39098572731, 15466.251522302628, 15625.717880487442, 15785.14923620224, 15944.228094816208, 16103.471045732498, 16262.590554952621, 16422.088174581528, 16581.4716527462, 16740.559773921967, 16899.71317267418, 17058.804069280624, 17217.990270614624, 17377.39573931694, 17536.94897532463, 17696.948302030563, 17856.140968322754, 18015.65861582756, 18174.939846515656, 18334.16714334488, 18493.447411060333, 18651.650787353516, 18810.720616340637, 18970.407258987427, 19129.963117599487, 19289.730486154556, 19448.93775820732, 19608.325848340988, 19768.40837788582, 19929.172906160355, 20089.232559919357, 20249.780236005783, 20409.74458360672, 20569.490206956863, 20729.157967805862, 20888.905922412872, 21047.843626976013, 21207.171550512314, 21366.82237482071, 21525.964905261993, 21684.652246952057, 21843.435153722763, 22002.359485387802, 22161.78440618515, 22321.162266254425, 22480.20009660721, 22639.12146449089, 22798.704108953476, 22957.729488134384, 23117.054761886597, 23276.00500392914, 23435.896081209183, 23594.994614124298, 23754.3309776783, 23913.49851489067, 24072.352140903473, 24231.57701277733, 24390.675468206406, 24550.434967279434, 24710.30607008934, 24869.783182621002, 25028.89502477646, 25187.924373865128, 25347.16634774208, 25506.52307510376, 25665.76025867462, 25825.14122915268, 25984.465278863907, 26143.58480501175, 26302.576672315598, 26462.350955486298, 26621.277673006058, 26780.08499598503, 26939.558037996292, 27098.827711105347, 27257.441771507263, 27416.50352525711, 27575.40052461624, 27734.762723207474, 27894.022500514984, 28053.133551120758, 28212.29784631729, 28370.792870283127, 28530.29231452942, 28689.045810699463, 28848.117539167404, 29007.441737174988, 29166.2168302536, 29325.096071720123, 29484.25931429863, 29643.210557699203, 29803.096692323685, 29962.567682504654, 30121.225910425186, 30280.68345141411, 30439.99781727791, 30599.09329199791, 30758.195539951324, 30917.051505327225, 31076.400998830795, 31236.273273468018, 31395.478693008423, 31555.73859333992, 31715.792764663696],