{"model_dir": "/pandora/home/oliver.frank/Desktop/multitask_BeRNN/BeRNN_models/generalModel_CSP_40/", "trials": [0, 996, 1992, 2148, 3144, 4140, 4296, 5292, 6288, 6444, 7440, 8436, 8592, 9588, 10584, 10740, 11736, 12732, 12888, 13884, 14880, 15036, 16032, 17028, 17184, 18180, 19176, 19332, 20328, 21324, 21480, 22476, 23472, 23628, 24624, 25620, 25776, 26772, 27768, 27924, 28920, 29916, 30072, 31068, 32064, 32220, 33216, 34212, 34368, 35364], "times": [0.17541003227233887, 832.7699410915375, 1652.562000989914, 1775.701694726944, 2619.0724680423737, 3431.8017678260803, 3575.8196976184845, 4378.245451927185, 5217.806334733963, 5345.562868833542, 6161.822980165482, 7015.31395149231, 7143.472597837448, 7953.529155492783, 8772.346063375473, 8950.220273733139, 9759.352322816849, 10590.44748210907, 10731.149119853973, 11539.50378036499, 12364.187321662903, 12498.539310455322, 13308.934282302856, 14130.474077939987, 14258.256246089935, 15080.265578508377, 15901.308458089828, 16027.974936246872, 16843.757658481598, 17664.12701511383, 17792.910145759583, 18602.65690946579, 19416.982582092285, 19545.981478452682, 20384.586192131042, 21212.05808210373, 21361.051951169968, 22208.475742816925, 23028.04519557953, 23165.344748020172, 23970.06968474388, 24781.636635541916, 24957.7752866745, 25761.975931167603, 26598.436678647995, 26737.46672463417, 27559.395365953445, 28381.752529621124, 28515.32662820816, 29331.5409784317], "cost_DM": [0.1664031356573105, 0.042740990221500394, 0.037502463161945346, 0.03649255260825157, 0.035139857605099675, 0.033466849476099014, 0.034339767694473264, 0.030993911251425744, 0.033037902787327766, 0.03279964216053486, 0.032465037703514096, 0.02995048090815544, 0.032409364730119704, 0.030694803968071938, 0.033056192472577094, 0.03002861924469471, 0.03091404289007187, 0.027868736907839774, 0.031924722343683244, 0.030271101370453836, 0.027794016525149345, 0.0316771037876606, 0.03506490811705589, 0.025443379208445548, 0.032741161063313484, 0.025446879863739013, 0.03292784206569195, 0.03098554499447346, 0.02720101661980152, 0.029483560658991336, 0.029683325067162515, 0.02575441002845764, 0.029001645371317865], "creg_DM": [0.0, 0.0, 0.0, 0.0, 0.0, 0.0, 0.0, 0.0, 0.0, 0.0, 0.0, 0.0, 0.0, 0.0, 0.0, 0.0, 0.0, 0.0, 0.0, 0.0, 0.0, 0.0, 0.0, 0.0, 0.0, 0.0, 0.0, 0.0, 0.0, 0.0, 0.0, 0.0, 0.0], "perf_DM": [0.18333333333333332, 0.18333333333333332, 0.18333333333333332, 0.2833333333333333, 0.11666666666666665, 0.3666666666666667, 0.21666666666666665, 0.3, 0.23333333333333334, 0.2833333333333333, 0.31666666666666665, 0.35, 0.25, 0.3833333333333333, 0.3166666666666667, 0.3666666666666667, 0.4, 0.5333333333333334, 0.36666666666666664, 0.5666666666666667, 0.4666666666666667, 0.4333333333333333, 0.3916666666666667, 0.5833333333333333, 0.33333333333333337, 0.5333333333333334, 0.36666666666666664, 0.4833333333333333, 0.55, 0.5166666666666667, 0.41666666666666663, 0.5666666666666667, 0.5666666666666667], "cost_DM Anti": [0.16754272878170012, 0.03130408897995949, 0.03403976894915104, 0.03647397309541702, 0.032341834902763364, 0.03176086023449898, 0.027077654004096986, 0.03372124210000038, 0.028632091358304024, 0.031896254792809484, 0.030286987125873566, 0.03242887370288372, 0.024309423938393592, 0.025205866992473604, 0.029575905203819274, 0.034042433649301526, 0.029477083683013917, 0.031462667137384416], "creg_DM Anti": [0.0, 0.0, 0.0, 0.0, 0.0, 0.0, 0.0, 0.0, 0.0, 0.0, 0.0, 0.0, 0.0, 0.0, 0.0, 0.0, 0.0, 0.0], "perf_DM Anti": [0.19999999999999998, 0.08333333333333333, 0.21666666666666665, 0.19999999999999998, 0.19999999999999998, 0.11666666666666665, 0.13333333333333336, 0.13333333333333333, 0.15, 0.2833333333333333, 0.16666666666666666, 0.3, 0.2, 0.3, 0.33333333333333337, 0.38333333333333336, 0.4, 0.38333333333333336], "cost_EF": [0.177389520406723, 0.028877005726099015, 0.02707006484270096, 0.02358863577246666, 0.02472971975803375, 0.0229386530816555, 0.016179544664919377, 0.015566307678818702, 0.01617544572800398, 0.01244337558746338, 0.009334251657128334], "creg_EF": [0.0, 0.0, 0.0, 0.0, 0.0, 0.0, 0.0, 0.0, 0.0, 0.0, 0.0], "perf_EF": [0.1833333333333333, 0.15, 0.35000000000000003, 0.4666666666666666, 0.1833333333333333, 0.5166666666666667, 0.55, 0.6833333333333333, 0.55, 0.6000000000000001, 0.7666666666666667], "cost_EF Anti": [0.027642165869474412, 0.02532620243728161, 0.028573351725935937, 0.02161639966070652, 0.02539900243282318, 0.011850486602634191, 0.01389905223622918], "creg_EF Anti": [0.0, 0.0, 0.0, 0.0, 0.0, 0.0, 0.0], "perf_EF Anti": [0.11666666666666665, 0.15, 0.06666666666666667, 0.4333333333333333, 0.5, 0.5166666666666667, 0.6333333333333333], "cost_RP": [0.03481651768088341, 0.03197010867297649, 0.03307973183691502, 0.031508731096982955], "creg_RP": [0.0, 0.0, 0.0, 0.0], "perf_RP": [0.4166666666666667, 0.4, 0.45, 0.4999999999999999], "cost_RP Anti": [0.03233742974698543, 0.030634341388940813, 0.0274214681237936], "creg_RP Anti": [0.0, 0.0, 0.0], "perf_RP Anti": [0.4, 0.4666666666666667, 0.65], "cost_RP Ctx1": [0.025670548528432847], "creg_RP Ctx1": [0.0], "perf_RP Ctx1": [0.6000000000000001], "cost_RP Ctx2": [0.037261078134179115], "creg_RP Ctx2": [0.0], "perf_RP Ctx2": [0.36666666666666664], "cost_WM": [0.008506593760102987], "creg_WM": [0.0], "perf_WM": [0.4166666666666667], "cost_WM Anti": [0.00852059368044138], "creg_WM Anti": [0.0], "perf_WM Anti": [0.4166666666666667], "cost_WM Ctx1": [0.008485430479049682], "creg_WM Ctx1": [0.0], "perf_WM Ctx1": [0.4333333333333333], "cost_WM Ctx2": [0.008273184206336737], "creg_WM Ctx2": [0.0], "perf_WM Ctx2": [0.4666666666666667]}