{"model_dir": "C:\\Users\\Oliver.Frank\\PycharmProjects\\multitask_BeRNN\\BeRNN_models\\generalModel_CSP_test\\", "trials": [0, 50, 100, 150], "times": [0.6911156177520752, 302.68254709243774, 606.4036374092102, 894.014975309372], "cost_DM": [0.1666505217552185, 0.05308545678853989, 0.04947501346468926, 0.04211948961019516], "creg_DM": [0.0, 0.0, 0.0, 0.0], "perf_DM": [0.2, 0.11666666666666665, 0.15, 0.2], "cost_DM Anti": [0.1656927138566971, 0.05006865486502647, 0.047475509345531464, 0.03638614267110825], "creg_DM Anti": [0.0, 0.0, 0.0, 0.0], "perf_DM Anti": [0.2, 0.2, 0.18333333333333332, 0.14999999999999997], "cost_EF": [0.17480912208557128, 0.04448472186923027, 0.04354469440877438, 0.029180384799838067], "creg_EF": [0.0, 0.0, 0.0, 0.0], "perf_EF": [0.18333333333333335, 0.4, 0.2, 0.11666666666666667], "cost_EF Anti": [0.1756630927324295, 0.0443450778722763, 0.03858815282583237, 0.031081021577119828], "creg_EF Anti": [0.0, 0.0, 0.0, 0.0], "perf_EF Anti": [0.13333333333333333, 0.4, 0.13333333333333333, 0.11666666666666665], "cost_RP": [0.15559903681278228, 0.048701255768537524, 0.043213418871164325, 0.044549061357975005], "creg_RP": [0.0, 0.0, 0.0, 0.0], "perf_RP": [0.13333333333333333, 0.45, 0.2666666666666667, 0.18333333333333332], "cost_RP Anti": [0.15350694060325623, 0.04927809834480286, 0.04341064542531967, 0.04392044767737389], "creg_RP Anti": [0.0, 0.0, 0.0, 0.0], "perf_RP Anti": [0.2, 0.4, 0.5333333333333334, 0.3333333333333333], "cost_RP Ctx1": [0.1597883313894272, 0.05302041918039322, 0.045055055618286134, 0.04516352489590645], "creg_RP Ctx1": [0.0, 0.0, 0.0, 0.0], "perf_RP Ctx1": [0.13333333333333333, 0.16666666666666669, 0.3833333333333334, 0.3333333333333333], "cost_RP Ctx2": [0.1534016966819763, 0.049985389411449435, 0.04870370998978615, 0.04664497822523117], "creg_RP Ctx2": [0.0, 0.0, 0.0, 0.0], "perf_RP Ctx2": [0.25, 0.35, 0.31666666666666665, 0.4333333333333333], "cost_WM": [0.1597709834575653, 0.03743513152003288, 0.02689882814884186, 0.02493404448032379], "creg_WM": [0.0, 0.0, 0.0, 0.0], "perf_WM": [0.11666666666666665, 0.3666666666666667, 0.0, 0.11666666666666667], "cost_WM Anti": [0.15765980780124664, 0.03661488741636276, 0.025618065148591995, 0.021551699936389924], "creg_WM Anti": [0.0, 0.0, 0.0, 0.0], "perf_WM Anti": [0.08666666666666666, 0.36666666666666664, 0.016666666666666666, 0.06666666666666667], "cost_WM Ctx1": [0.15890507996082306, 0.03954833447933197, 0.028856105357408523, 0.026164886355400086], "creg_WM Ctx1": [0.0, 0.0, 0.0, 0.0], "perf_WM Ctx1": [0.0, 0.08333333333333333, 0.0, 0.06666666666666667], "cost_WM Ctx2": [0.16169041991233826, 0.03860582709312439, 0.02876401096582413, 0.026120611280202866], "creg_WM Ctx2": [0.0, 0.0, 0.0, 0.0], "perf_WM Ctx2": [0.05, 0.06666666666666667, 0.0, 0.016666666666666666]}