{"model_dir": "/pandora/home/oliver.frank/Desktop/multitask_BeRNN/BeRNN_models/MH_CSP_20_WM_pan/", "trials": [0, 2160, 4320, 6480, 8640, 10800, 12960, 15120, 17280, 19440, 21600, 23760, 25920, 28080, 30240, 32400, 34560, 36720, 38880, 41040, 43200, 45360, 47520, 49680, 51840, 54000, 56160, 58320, 60480, 62640, 64800, 66960, 69120, 71280, 73440, 75600, 77760, 79920, 82080, 84240, 86400, 88560, 90720, 92880, 95040, 97200, 99360, 101520, 103680, 105840, 108000, 110160, 112320, 114480, 116640, 118800, 120960, 123120, 125280, 127440, 129600, 131760, 133920, 136080, 138240, 140400, 142560, 144720, 146880, 149040, 151200, 153360, 155520, 157680, 159840, 162000, 164160, 166320, 168480, 170640, 172800, 174960, 177120, 179280, 181440, 183600, 185760, 187920, 190080, 192240, 194400, 196560, 198720, 200880, 203040, 205200, 207360, 209520, 211680, 213840, 216000, 218160, 220320, 222480, 224640, 226800, 228960, 231120, 233280, 235440, 237600, 239760, 241920, 244080, 246240, 248400, 250560, 252720, 254880, 257040, 259200, 261360, 263520, 265680, 267840, 270000, 272160, 274320, 276480, 278640, 280800, 282960, 285120, 287280, 289440, 291600, 293760, 295920, 298080, 300240, 302400, 304560, 306720, 308880, 311040, 313200, 315360, 317520, 319680, 321840, 324000, 326160, 328320, 330480, 332640, 334800, 336960, 339120, 341280, 343440, 345600, 347760, 349920, 352080, 354240, 356400, 358560, 360720, 362880, 365040, 367200, 369360, 371520, 373680, 375840, 378000, 380160, 382320, 384480, 386640, 388800, 390960, 393120, 395280, 397440, 399600, 401760, 403920, 406080, 408240, 410400, 412560, 414720, 416880, 419040, 421200, 423360, 425520, 427680, 429840], "times": [0.1749873161315918, 232.63016724586487, 465.1158068180084, 696.4704303741455, 928.105979681015, 1160.691965341568, 1392.930368900299, 1626.0899472236633, 1858.545719385147, 2090.3221962451935, 2321.357370853424, 2552.3826019763947, 2783.2900698184967, 3014.438396215439, 3245.793859243393, 3477.97421503067, 3710.5903310775757, 3941.7700777053833, 4173.287645578384, 4405.602561950684, 4636.779200553894, 4868.308182001114, 5100.2618017196655, 5332.542455196381, 5565.073933839798, 5796.84500336647, 6029.6690237522125, 6262.146867752075, 6494.321053266525, 6726.254513502121, 6957.8454966545105, 7189.725140094757, 7421.520629167557, 7652.947911977768, 7884.463706493378, 8115.474761009216, 8346.914631843567, 8579.212236881256, 8811.75528216362, 9044.27999329567, 9276.689551353455, 9508.65813946724, 9740.889337062836, 9972.595492124557, 10205.074536085129, 10438.024139642715, 10670.167973518372, 10902.083281040192, 11134.048408985138, 11366.998939275742, 11599.043978452682, 11830.18333363533, 12061.664990663528, 12293.612254858017, 12525.922730445862, 12757.684165477753, 12989.551569223404, 13221.28734087944, 13452.607375383377, 13685.137652873993, 13916.91595196724, 14149.223100662231, 14381.482734441757, 14613.361206293106, 14845.176672935486, 15077.359168291092, 15308.927220106125, 15540.818293094635, 15773.317923784256, 16004.779829025269, 16237.93787932396, 16471.190633058548, 16702.5200715065, 16933.988250017166, 17167.30312728882, 17398.740432024002, 17631.713213682175, 17863.92057967186, 18096.175958156586, 18328.43766927719, 18561.014091730118, 18792.947098255157, 19025.32061600685, 19257.0435090065, 19488.762645483017, 19720.786379098892, 19953.107018709183, 20185.77839064598, 20418.020449876785, 20650.314378261566, 20882.79245042801, 21115.52342224121, 21347.142970323563, 21578.39278769493, 21810.907393455505, 22043.59907913208, 22275.936648845673, 22507.920887947083, 22739.615799188614, 22971.676550626755, 23203.882009506226, 23436.054079294205, 23668.02746987343, 23899.92907190323, 24131.5668258667, 24363.398482084274, 24595.48254442215, 24827.664975643158, 25059.09116959572, 25291.22358560562, 25524.070159435272, 25756.442609786987, 25988.572377204895, 26220.287870407104, 26452.964070558548, 26685.35004234314, 26917.51725268364, 27148.99219441414, 27381.258913755417, 27613.49458217621, 27845.744848012924, 28078.21050477028, 28310.476502656937, 28542.524063825607, 28774.84215760231, 29006.671736478806, 29239.254909038544, 29471.89231467247, 29704.244818925858, 29937.111655950546, 30168.717836856842, 30401.32906150818, 30632.49773311615, 30865.298930168152, 31098.08615589142, 31330.113201379776, 31562.035509347916, 31794.044172286987, 32025.880619049072, 32258.047910928726, 32489.835753440857, 32721.343858480453, 32953.76280212402, 33185.26147603989, 33417.816393852234, 33650.63038086891, 33882.38777732849, 34114.36041545868, 34346.6400308609, 34578.88323163986, 34810.61954188347, 35042.595658779144, 35274.539623975754, 35506.60352563858, 35738.416409254074, 35971.99718141556, 36203.588852882385, 36435.53598690033, 36667.23539972305, 36899.71109127998, 37132.01662302017, 37364.06235766411, 37596.88252496719, 37828.87856936455, 38061.3268904686, 38293.31447720528, 38524.975823402405, 38757.717710494995, 38989.23428726196, 39220.9812746048, 39453.57133221626, 39685.08096623421, 39917.19523024559, 40148.86760854721, 40380.050209760666, 40612.954176425934, 40844.56020665169, 41076.863567352295, 41309.069870233536, 41540.61190581322, 41772.54052400589, 42005.25757265091, 42237.03329396248, 42468.90160512924, 42701.48439717293, 42933.82188415527, 43166.16180229187, 43398.34555101395, 43630.858751535416, 43862.820893764496, 44094.769295692444, 44326.66172623634, 44559.35840010643, 44791.85772848129, 45023.65234899521, 45255.47596979141, 45487.234170913696, 45719.7583425045, 45952.09424614906, 46184.07637023926],