{"model_dir": "C:\\Users\\Oliver.Frank\\PycharmProjects\\multitask_BeRNN\\BeRNN_models\\generalModel_CSP_2\\", "trials": [0, 2400, 4800, 7200, 9600, 12000, 14400, 16800, 19200, 21600, 24000, 25920, 28320, 30720, 33120, 35520, 37920, 40320, 42720, 45120, 47520, 49920], "times": [0.2952752113342285, 319.8601531982422, 653.6152019500732, 993.8927519321442, 1317.0629668235779, 1615.495686531067, 1928.4025964736938, 2224.3951296806335, 2525.4253981113434, 2859.320872783661, 3165.668636083603, 3439.725662946701, 3731.0647461414337, 4035.9712052345276, 4329.406470775604, 4629.043442726135, 4937.550649642944, 5273.2853236198425, 5654.152151346207, 5986.484285831451, 6319.201514959335, 6654.035096406937], "cost_DM": [0.1670602887868881, 0.07128240317106246, 0.05146213620901108, 0.04287402704358101, 0.03866493478417397, 0.03611856549978256, 0.03376515284180641, 0.032918091863393784, 0.025051284581422806, 0.023228682205080987, 0.028581300005316734, 0.026786595955491065, 0.023606795445084573, 0.020316191762685776, 0.018873123824596404, 0.02645229883491993, 0.01582619771361351, 0.013454784639179707, 0.009594072960317135, 0.008991934545338153, 0.008971709012985229, 0.008599734865128994], "creg_DM": [0.0, 0.0, 0.0, 0.0, 0.0, 0.0, 0.0, 0.0, 0.0, 0.0, 0.0, 0.0, 0.0, 0.0, 0.0, 0.0, 0.0, 0.0, 0.0, 0.0, 0.0, 0.0], "perf_DM": [0.10833333333333335, 0.2916666666666667, 0.10833333333333335, 0.22916666666666666, 0.3583333333333333, 0.4666666666666667, 0.5666666666666667, 0.4375, 0.6916666666666667, 0.7541666666666667, 0.6624999999999999, 0.6625000000000001, 0.6833333333333333, 0.7999999999999999, 0.7833333333333332, 0.6333333333333334, 0.875, 0.8875, 0.9125, 0.9583333333333334, 0.9166666666666666, 0.9375], "cost_DM Anti": [0.1670432448387146, 0.07128572911024093, 0.05148848816752434, 0.04283725991845131, 0.0386508971452713, 0.036105160415172574, 0.03379112854599953, 0.03290899991989136, 0.02498648054897785, 0.023216667026281355, 0.028589488938450813, 0.026801465451717375, 0.02359143942594528, 0.02023262232542038, 0.0187796276062727, 0.02664182856678963, 0.015853429585695265, 0.013473308831453323, 0.009550461918115616, 0.009040586650371552, 0.00900370217859745, 0.008621419966220855], "creg_DM Anti": [0.0, 0.0, 0.0, 0.0, 0.0, 0.0, 0.0, 0.0, 0.0, 0.0, 0.0, 0.0, 0.0, 0.0, 0.0, 0.0, 0.0, 0.0, 0.0, 0.0, 0.0, 0.0], "perf_DM Anti": [0.1, 0.2916666666666667, 0.12083333333333335, 0.2166666666666667, 0.33333333333333337, 0.4583333333333333, 0.5708333333333334, 0.4541666666666667, 0.6958333333333334, 0.7583333333333334, 0.6958333333333333, 0.65, 0.6791666666666666, 0.7958333333333333, 0.7958333333333333, 0.65, 0.8708333333333332, 0.8875, 0.9083333333333334, 0.95, 0.9166666666666666, 0.9375], "cost_EF": [0.1743013560771942, 0.05879189297556877, 0.04564959183335304, 0.04073186367750168, 0.03416192084550858, 0.031590632349252704, 0.029578836262226106, 0.0260270144790411, 0.03290260694921017, 0.028838098421692847, 0.02753012739121914, 0.031313933059573175, 0.03239735439419746, 0.027041170001029968, 0.030658598989248276, 0.03178693912923336, 0.025215573236346246, 0.026997962221503257, 0.023074574768543243, 0.0296028021723032, 0.02861313186585903, 0.02481568045914173], "creg_EF": [0.0, 0.0, 0.0, 0.0, 0.0, 0.0, 0.0, 0.0, 0.0, 0.0, 0.0, 0.0, 0.0, 0.0, 0.0, 0.0, 0.0, 0.0, 0.0, 0.0, 0.0, 0.0], "perf_EF": [0.21666666666666665, 0.55, 0.31666666666666665, 0.1, 0.16666666666666666, 0.23333333333333334, 0.15, 0.26666666666666666, 0.19999999999999998, 0.2833333333333333, 0.3833333333333333, 0.13333333333333333, 0.2333333333333333, 0.16666666666666666, 0.18333333333333335, 0.21666666666666665, 0.2333333333333333, 0.3333333333333333, 0.13333333333333333, 0.4, 0.2333333333333333, 0.2833333333333333], "cost_EF Anti": [0.17018992304801941, 0.0648016318678856, 0.047937288880348206, 0.04077809974551201, 0.03182932883501053, 0.03186581581830979, 0.03059414178133011, 0.02927379235625267, 0.025613654032349588, 0.03236166201531887, 0.030403584241867065, 0.030005684494972228, 0.03196086660027504, 0.026995528116822244, 0.031374213844537736, 0.03199415393173695, 0.02992407977581024, 0.028104835748672487, 0.026688643917441367, 0.03416629731655121, 0.031361740082502365, 0.026427947357296942], "creg_EF Anti": [0.0, 0.0, 0.0, 0.0, 0.0, 0.0, 0.0, 0.0, 0.0, 0.0, 0.0, 0.0, 0.0, 0.0, 0.0, 0.0, 0.0, 0.0, 0.0, 0.0, 0.0, 0.0], "perf_EF Anti": [0.18333333333333332, 0.36666666666666664, 0.30000000000000004, 0.25, 0.2333333333333333, 0.08333333333333333, 0.15, 0.2833333333333333, 0.2, 0.16666666666666666, 0.21666666666666665, 0.18333333333333332, 0.13333333333333333, 0.36666666666666664, 0.16666666666666669, 0.35, 0.18333333333333332, 0.23333333333333334, 0.21666666666666665, 0.25, 0.11666666666666665, 0.21666666666666665], "cost_RP": [0.1550964206457138, 0.06061217337846756, 0.04106371030211449, 0.04234835132956505, 0.039512228965759275, 0.038566111028194426, 0.04137930199503899, 0.041943737864494325, 0.03835464790463448, 0.03639708012342453, 0.037563744187355044, 0.038860490918159483, 0.038995067775249484, 0.03687516301870346, 0.04117975160479546, 0.03604550957679749, 0.0355401411652565, 0.03594176843762398, 0.0372448705136776, 0.03734392896294594, 0.03558071702718735, 0.037090268731117246], "creg_RP": [0.0, 0.0, 0.0, 0.0, 0.0, 0.0, 0.0, 0.0, 0.0, 0.0, 0.0, 0.0, 0.0, 0.0, 0.0, 0.0, 0.0, 0.0, 0.0, 0.0, 0.0, 0.0], "perf_RP": [0.11666666666666665, 0.5000000000000001, 0.4833333333333334, 0.2666666666666667, 0.2833333333333333, 0.2, 0.25, 0.25, 0.2833333333333333, 0.4, 0.3666666666666667, 0.18333333333333335, 0.2833333333333333, 0.45, 0.13333333333333333, 0.4333333333333333, 0.26666666666666666, 0.38333333333333336, 0.33333333333333337, 0.3333333333333333, 0.2833333333333333, 0.33333333333333337], "cost_RP Anti": [0.1547778457403183, 0.06655176728963852, 0.047157411277294156, 0.0423933744430542, 0.04187342748045921, 0.04104850813746452, 0.045494730770587924, 0.037771808356046675, 0.0347163513302803, 0.03757488951086998, 0.03732843101024628, 0.03374881818890572, 0.034788156300783156, 0.03530407920479774, 0.034866515174508096, 0.03551092743873596, 0.03454008847475052, 0.03118807040154934, 0.03477051705121994, 0.0302892979234457, 0.0357008621096611, 0.034956686198711395], "creg_RP Anti": [0.0, 0.0, 0.0, 0.0, 0.0, 0.0, 0.0, 0.0, 0.0, 0.0, 0.0, 0.0, 0.0, 0.0, 0.0, 0.0, 0.0, 0.0, 0.0, 0.0, 0.0, 0.0], "perf_RP Anti": [0.2833333333333333, 0.2833333333333333, 0.21666666666666665, 0.5166666666666667, 0.4, 0.4166666666666667, 0.2333333333333333, 0.5166666666666667, 0.55, 0.36666666666666664, 0.3666666666666667, 0.4333333333333334, 0.5166666666666667, 0.39999999999999997, 0.4333333333333333, 0.4166666666666667, 0.38333333333333336, 0.6, 0.35, 0.5333333333333333, 0.4333333333333333, 0.4], "cost_RP Ctx1": [0.16002257466316222, 0.0723876565694809, 0.04669758379459381, 0.04742799997329712, 0.0427734263241291, 0.040648338943719865, 0.038758476823568346, 0.03502368405461311, 0.036074035614728925, 0.03889870271086693, 0.0372674897313118, 0.03609100803732872, 0.035233862698078156, 0.0342836394906044, 0.03921264708042145, 0.03413169533014297, 0.03392509967088699, 0.029673460870981216, 0.030836598947644234, 0.033332311734557155, 0.03311838693916798, 0.03247902803122997], "creg_RP Ctx1": [0.0, 0.0, 0.0, 0.0, 0.0, 0.0, 0.0, 0.0, 0.0, 0.0, 0.0, 0.0, 0.0, 0.0, 0.0, 0.0, 0.0, 0.0, 0.0, 0.0, 0.0, 0.0], "perf_RP Ctx1": [0.21666666666666665, 0.11666666666666665, 0.2833333333333333, 0.16666666666666669, 0.3619047619047619, 0.3952380952380953, 0.3666666666666667, 0.5166666666666666, 0.4666666666666666, 0.3, 0.4, 0.39999999999999997, 0.5333333333333333, 0.5666666666666667, 0.41666666666666663, 0.4666666666666666, 0.41666666666666663, 0.6, 0.5333333333333334, 0.55, 0.4595238095238095, 0.5666666666666667],