{"model_dir": "C:\\Users\\Oliver.Frank\\PycharmProjects\\multitask_BeRNN/BeRNN_models/generalModel_CSP_10_WM_acc/", "trials": [0, 2025, 4050, 6075, 8100, 10125, 12150, 14175, 16200, 18225, 20250, 22275, 24300, 26325, 28350, 30375, 32400, 34425, 36450, 38475, 40500, 42525, 44550, 46575, 48600, 50625, 52650, 54675, 56700, 58725, 60750, 62775, 64800, 66825, 68850, 70875, 72900, 74925, 76950, 78975, 81000, 83025, 85050, 87075, 89100, 91125, 93150, 95175, 97200, 99225, 101250, 103275, 105300, 107325, 109350, 111375, 113400, 115425, 117450, 119475, 121500, 123525, 125550, 127575, 129600, 131625, 133650, 135675, 137700, 139725, 141750, 143775, 145800, 147825, 149850, 151875, 153900, 155925, 157950, 159975, 162000, 164025, 166050, 168075, 170100, 172125, 174150, 176175, 178200, 180225, 182250, 184275, 186300, 188325, 190350, 192375, 194400, 196425, 198450, 200475], "times": [0.608889102935791, 158.83660888671875, 297.4700918197632, 435.932190656662, 574.0664510726929, 712.3746101856232, 850.2768576145172, 988.7105753421783, 1126.9592571258545, 1265.2350721359253, 1403.543131828308, 1541.4327750205994, 1679.5130846500397, 1817.6337757110596, 1955.969265460968, 2094.2898688316345, 2232.864865541458, 2371.116230249405, 2509.073110103607, 2647.0264616012573, 2785.3259048461914, 2923.4598095417023, 3061.7649178504944, 3199.762750148773, 3338.222037792206, 3476.4773983955383, 3614.7850198745728, 3752.7059333324432, 3891.1470663547516, 4029.608344078064, 4168.019916296005, 4305.699053287506, 4442.877635717392, 4579.793162584305, 4717.023248910904, 4854.353797197342, 4991.473379135132, 5129.078896760941, 5266.635263681412, 5403.87202000618, 5541.344743728638, 5678.617564678192, 5815.818849802017, 5952.980495691299, 6090.236375570297, 6227.701319932938, 6365.009937763214, 6502.440156459808, 6639.616575956345, 6776.759694337845, 6914.440582513809, 7051.829151630402, 7189.483162879944, 7326.953817605972, 7464.2879865169525, 7601.681702375412, 7739.192423343658, 7876.797083616257, 8014.035657644272, 8151.427172899246, 8288.924101352692, 8426.291310787201, 8563.829963445663, 8701.023704767227, 8838.297922611237, 8975.692169904709, 9113.059970378876, 9250.432379484177, 9387.620143413544, 9525.374784231186, 9662.803703784943, 9800.029809951782, 9937.402660131454, 10074.771802186966, 10212.008968353271, 10349.218353271484, 10486.945085763931, 10624.352540254593, 10761.682889699936, 10899.129170894623, 11036.875659942627, 11174.463838338852, 11312.143280744553, 11449.599229574203, 11586.888170480728, 11724.415164709091, 11862.282677412033, 12000.0261759758, 12137.458406925201, 12275.034150123596, 12412.4409365654, 12549.78016281128, 12687.114315986633, 12824.426906347275, 12961.804014921188, 13099.15368270874, 13236.827806949615, 13374.179920196533, 13513.923780918121, 13653.673926830292], "cost_WM": [0.18470852673053742, 0.028797170147299767, 0.025403816252946854, 0.024475539848208428, 0.023293862491846083, 0.023660356551408766, 0.022782021760940553, 0.023374497517943384, 0.02158098351210356, 0.023347969725728036, 0.024317193403840066, 0.02425253763794899, 0.023654186353087425, 0.02363562397658825, 0.021162071637809275, 0.0238638311624527, 0.023303643986582755, 0.021381371282041074, 0.019466548413038253, 0.023541735112667085, 0.023536139354109763, 0.024347678199410437, 0.02325425185263157, 0.021617869846522808, 0.022703694924712182, 0.023245704546570777, 0.024059459939599036, 0.021334773302078246, 0.021332391910254954, 0.021875261887907983, 0.0251387108117342, 0.02132336311042309, 0.021861332282423974, 0.021303590573370456, 0.022949513420462607, 0.02400813326239586, 0.0237198431044817, 0.023504086211323737, 0.01887099500745535, 0.023763417080044747, 0.02402077242732048, 0.022349952161312102, 0.02268099822103977, 0.02402634434401989, 0.02458244450390339, 0.023766801133751868, 0.02076309286057949, 0.022652390599250793, 0.019885108061134815, 0.021879350021481513, 0.024056460335850717, 0.021604115702211858, 0.022963448986411096, 0.022961289808154105, 0.022958331927657127, 0.02132229898124933, 0.021863358467817305, 0.021314386278390884, 0.024031584337353706, 0.02347947619855404, 0.02374023124575615, 0.023707377910614013, 0.011475910805165768, 0.010036367736756802, 0.010229783318936824, 0.008461784571409225, 0.009005833975970745, 0.008364509418606758, 0.008755350019782782, 0.008320877328515053, 0.009448049403727055, 0.007890564389526844, 0.007539976853877306, 0.009179884660989046, 0.008682936988770961, 0.008830517623573541, 0.00852647889405489, 0.008469246886670589, 0.008582848869264127, 0.007625351753085851, 0.007465314026921988, 0.008753638435155153, 0.007046406995505095, 0.008700302708894015, 0.008152251783758401, 0.007945651188492775, 0.008344108238816261, 0.008902247995138168, 0.008457569777965546, 0.007530134078115225, 0.00779618313536048, 0.009949601255357265, 0.008737162034958602, 0.008686543349176646, 0.009393497370183468, 0.008928241953253747, 0.009161892998963594, 0.009320131409913302, 0.008460208587348462, 0.009826715756207704], "creg_WM": [0.0, 0.0, 0.0, 0.0, 0.0, 0.0, 0.0, 0.0, 0.0, 0.0, 0.0, 0.0, 0.0, 0.0, 0.0, 0.0, 0.0, 0.0, 0.0, 0.0, 0.0, 0.0, 0.0, 0.0, 0.0, 0.0, 0.0, 0.0, 0.0, 0.0, 0.0, 0.0, 0.0, 0.0, 0.0, 0.0, 0.0, 0.0, 0.0, 0.0, 0.0, 0.0, 0.0, 0.0, 0.0, 0.0, 0.0, 0.0, 0.0, 0.0, 0.0, 0.0, 0.0, 0.0, 0.0, 0.0, 0.0, 0.0, 0.0, 0.0, 0.0, 0.0, 0.0, 0.0, 0.0, 0.0, 0.0, 0.0, 0.0, 0.0, 0.0, 0.0, 0.0, 0.0, 0.0, 0.0, 0.0, 0.0, 0.0, 0.0, 0.0, 0.0, 0.0, 0.0, 0.0, 0.0, 0.0, 0.0, 0.0, 0.0, 0.0, 0.0, 0.0, 0.0, 0.0, 0.0, 0.0, 0.0, 0.0, 0.0], "perf_WM": [0.0, 0.0, 0.0, 0.0, 0.0, 0.0, 0.0, 0.0, 0.0, 0.0, 0.0, 0.0, 0.0, 0.0, 0.0, 0.0, 0.0, 0.0, 0.0, 0.0, 0.0, 0.0, 0.0, 0.0, 0.0, 0.0, 0.0, 0.0, 0.0, 0.0, 0.0, 0.0, 0.0, 0.0, 0.0, 0.0, 0.0, 0.0, 0.0, 0.0, 0.0, 0.0, 0.0, 0.0, 0.0, 0.0, 0.0, 0.0, 0.0, 0.0, 0.0, 0.0, 0.0, 0.0, 0.0, 0.0, 0.0, 0.0, 0.0, 0.0, 0.0, 0.0, 0.16666666666666666, 0.21666666666666665, 0.35, 0.16666666666666666, 0.4166666666666667, 0.35, 0.5166666666666666, 0.3333333333333333, 0.45, 0.4166666666666667, 0.5, 0.4666666666666667, 0.38333333333333336, 0.5, 0.55, 0.4666666666666667, 0.4833333333333334, 0.35, 0.6833333333333333, 0.5666666666666667, 0.6666666666666666, 0.5833333333333334, 0.5166666666666667, 0.5833333333333334, 0.5833333333333333, 0.45, 0.5499999999999999, 0.6833333333333332, 0.5166666666666667, 0.4333333333333333, 0.5166666666666666, 0.6, 0.4833333333333333, 0.5666666666666667, 0.6, 0.4333333333333333, 0.5166666666666667, 0.4833333333333334]}