{"model_dir": "/pandora/home/oliver.frank/Desktop/multitask_BeRNN/BeRNN_models/generalModel_CSP_20_WM_pan/", "trials": [0, 2160, 4320, 6480, 8640, 10800, 12960, 15120, 17280, 19440, 21600, 23760, 25920, 28080, 30240, 32400, 34560, 36720, 38880, 41040, 43200, 45360, 47520, 49680, 51840, 54000, 56160, 58320, 60480, 62640, 64800, 66960, 69120, 71280, 73440, 75600, 77760, 79920, 82080, 84240, 86400, 88560, 90720, 92880, 95040, 97200, 99360, 101520, 103680, 105840, 108000, 110160, 112320, 114480, 116640, 118800, 120960, 123120, 125280, 127440, 129600, 131760, 133920, 136080, 138240, 140400, 142560, 144720, 146880, 149040, 151200, 153360, 155520, 157680, 159840, 162000, 164160, 166320, 168480, 170640, 172800, 174960, 177120, 179280, 181440, 183600, 185760, 187920, 190080, 192240, 194400, 196560, 198720, 200880, 203040, 205200, 207360, 209520, 211680, 213840, 216000, 218160, 220320, 222480, 224640, 226800, 228960, 231120, 233280, 235440, 237600, 239760, 241920, 244080, 246240, 248400, 250560, 252720, 254880, 257040, 259200, 261360, 263520, 265680, 267840, 270000, 272160, 274320, 276480, 278640, 280800, 282960, 285120, 287280, 289440, 291600, 293760, 295920, 298080, 300240, 302400, 304560, 306720, 308880, 311040, 313200, 315360, 317520, 319680, 321840, 324000, 326160, 328320, 330480, 332640, 334800, 336960, 339120, 341280, 343440, 345600, 347760, 349920, 352080, 354240, 356400, 358560, 360720, 362880, 365040, 367200, 369360, 371520, 373680, 375840, 378000, 380160, 382320, 384480, 386640, 388800, 390960, 393120, 395280, 397440, 399600, 401760, 403920, 406080, 408240, 410400, 412560, 414720, 416880, 419040, 421200, 423360, 425520, 427680, 429840], "times": [0.1742234230041504, 160.93996000289917, 321.26025342941284, 481.64369893074036, 641.6685228347778, 802.7439258098602, 963.9709804058075, 1124.1460394859314, 1284.6891071796417, 1444.898639678955, 1605.296273469925, 1764.875139951706, 1925.3645000457764, 2085.556499004364, 2245.385598182678, 2405.6694474220276, 2565.8605856895447, 2726.598065137863, 2888.8648612499237, 3049.5999348163605, 3210.322074651718, 3370.856885433197, 3531.610098838806, 3692.262159347534, 3852.9358129501343, 4013.5722341537476, 4174.375953674316, 4335.027525663376, 4494.889614105225, 4654.396682977676, 4814.952166557312, 4975.069751501083, 5134.772426128387, 5294.880971670151, 5455.339044332504, 5615.010691642761, 5775.109244346619, 5935.553406238556, 6095.775606632233, 6256.063637018204, 6416.722626447678, 6576.869926452637, 6737.0850648880005, 6899.193773508072, 7059.508018493652, 7219.740111589432, 7379.9263484478, 7540.383116722107, 7700.7923884391785, 7861.3971247673035, 8021.704127550125, 8181.89275598526, 8342.52675318718, 8502.786736488342, 8662.925184488297, 8822.944498538971, 8983.612780094147, 9144.165063142776, 9304.528085231781, 9464.777291059494, 9625.446999788284, 9785.62354850769, 9945.622017383575, 10106.076187372208, 10266.55178642273, 10427.793375492096, 10588.488267183304, 10748.618837833405, 10909.280994653702, 11069.756696462631, 11229.080191373825, 11389.22314953804, 11549.485128164291, 11710.170548915863, 11870.338487625122, 12030.264925479889, 12190.092082977295, 12350.3714158535, 12510.965311527252, 12671.20774102211, 12831.724607467651, 12992.064476966858, 13152.151188850403, 13312.590737104416, 13473.148865699768, 13634.474726676941, 13794.952251434326, 13955.70101070404, 14115.854170084, 14276.342841625214, 14436.283169269562, 14596.938232421875, 14756.955732107162, 14917.423941612244, 15077.8999209404, 15238.57060289383, 15399.072252511978, 15560.071067094803, 15720.846769809723, 15880.711735010147, 16041.047101020813, 16201.544409513474, 16362.153344869614, 16522.476744413376, 16682.700462579727, 16842.999186992645, 17003.976246595383, 17165.158400058746, 17325.46137523651, 17486.173860788345, 17646.598452806473, 17806.759009599686, 17967.44568347931, 18127.805924892426, 18288.101180315018, 18448.46201443672, 18608.677307605743, 18769.17509675026, 18930.556729078293, 19090.913283586502, 19251.09967494011, 19411.775576114655, 19571.982696294785, 19732.100336551666, 19892.6882584095, 20054.220458507538, 20215.201917409897, 20376.446160554886, 20537.17092347145, 20698.232064008713, 20859.051324129105, 21019.600237846375, 21180.122408628464, 21340.499294042587, 21501.008304834366, 21661.107630491257, 21821.64262342453, 21982.31241631508, 22143.338841676712, 22303.386611700058, 22464.242337465286, 22625.022104740143, 22785.42961382866, 22945.724593162537, 23105.6633746624, 23266.041483402252, 23426.369008541107, 23586.36021924019, 23747.039680719376, 23908.27560186386, 24069.396632671356, 24230.062387228012, 24390.508081912994, 24550.79742717743, 24711.47476363182, 24872.290150403976, 25032.901997566223, 25193.287661790848, 25354.000212192535, 25514.462659597397, 25674.368554592133, 25835.31098985672, 25995.628860473633, 26155.913352251053, 26316.754575014114, 26477.029591083527, 26637.481691598892, 26798.09726047516, 26958.513202905655, 27119.497931957245, 27280.2264585495, 27440.59519124031, 27601.17989206314, 27761.9946744442, 27922.34988617897, 28082.732323646545, 28243.31200861931, 28403.317806959152, 28563.913944721222, 28723.947054624557, 28884.261081933975, 29044.409800052643, 29205.018579244614, 29365.361220121384, 29525.760412216187, 29686.425573587418, 29846.648730278015, 30006.913184404373, 30167.05588579178, 30327.97168660164, 30488.916328907013, 30649.26343178749, 30809.623262405396, 30969.513799905777, 31129.45873451233, 31289.953082084656, 31450.87526655197, 31611.736710071564, 31771.75593686104, 31932.25918865204],