{"model_dir": "C:\\Users\\Oliver.Frank\\PycharmProjects\\multitask_BeRNN\\generalModel_BeRNN\\", "trials": [0, 50, 100, 150, 200, 250, 300, 350, 400, 450, 500], "times": [0.25527095794677734, 288.77798795700073, 598.4745662212372, 938.023708820343, 1354.477189540863, 1685.697636604309, 2038.254954814911, 2352.8817315101624, 2665.105326652527, 2971.493678331375, 3272.622282743454], "cost_DM": [0.1670602887868881, 0.05304791405797005, 0.04834466800093651, 0.04513402581214905, 0.04003167003393173, 0.03640551790595055, 0.03794598132371903, 0.03464305177330971, 0.02900647521018982, 0.0225758071988821, 0.02046433761715889], "creg_DM": [0.0, 0.0, 0.0, 0.0, 0.0, 0.0, 0.0, 0.0, 0.0, 0.0, 0.0], "perf_DM": [0.10833333333333335, 0.18333333333333332, 0.2916666666666667, 0.20833333333333334, 0.12916666666666668, 0.3708333333333334, 0.2875, 0.38333333333333336, 0.5375, 0.7083333333333334, 0.7291666666666666], "cost_DM Anti": [0.1670432448387146, 0.053026202321052554, 0.048358465731143954, 0.045073991268873216, 0.04002789631485939, 0.036389881372451784, 0.03794353157281875, 0.034691713750362396, 0.029032053798437117, 0.022630482167005538, 0.020479608699679373], "creg_DM Anti": [0.0, 0.0, 0.0, 0.0, 0.0, 0.0, 0.0, 0.0, 0.0, 0.0, 0.0], "perf_DM Anti": [0.1, 0.18333333333333332, 0.2916666666666667, 0.2125, 0.12916666666666668, 0.35416666666666663, 0.29583333333333334, 0.38333333333333336, 0.5416666666666666, 0.7208333333333333, 0.7374999999999999], "cost_EF": [0.17692935466766357, 0.045196231454610825, 0.048124971240758894, 0.04157205671072006, 0.02939840741455555, 0.026592407003045083, 0.032678589969873426, 0.02956363931298256, 0.02746565081179142, 0.031794247776269914, 0.03353237323462963], "creg_EF": [0.0, 0.0, 0.0, 0.0, 0.0, 0.0, 0.0, 0.0, 0.0, 0.0, 0.0], "perf_EF": [0.11666666666666667, 0.2833333333333333, 0.3, 0.11666666666666665, 0.1, 0.14999999999999997, 0.13333333333333333, 0.15000000000000002, 0.18333333333333335, 0.11666666666666665, 0.4333333333333333], "cost_EF Anti": [0.17536304891109467, 0.04607426822185516, 0.0347976665943861, 0.03653036206960678, 0.02672499753534794, 0.03290633037686348, 0.03504340723156929, 0.032820912450551985, 0.029481907188892365, 0.026564061269164087, 0.032743556797504424], "creg_EF Anti": [0.0, 0.0, 0.0, 0.0, 0.0, 0.0, 0.0, 0.0, 0.0, 0.0, 0.0], "perf_EF Anti": [0.13333333333333333, 0.18333333333333332, 0.45, 0.16666666666666669, 0.2, 0.15, 0.11666666666666665, 0.1833333333333333, 0.21666666666666665, 0.23333333333333334, 0.26666666666666666], "cost_RP": [0.15453779995441436, 0.04808689951896668, 0.0467082180082798, 0.04610648527741432, 0.04477381631731987, 0.04104214534163475, 0.04229148030281067, 0.041029684245586395, 0.04052334874868393, 0.04030837789177895, 0.042950012534856793], "creg_RP": [0.0, 0.0, 0.0, 0.0, 0.0, 0.0, 0.0, 0.0, 0.0, 0.0, 0.0], "perf_RP": [0.11666666666666665, 0.2333333333333333, 0.3, 0.30000000000000004, 0.2333333333333333, 0.23333333333333334, 0.15, 0.16666666666666669, 0.2, 0.21666666666666665, 0.16666666666666666], "cost_RP Anti": [0.15356241166591644, 0.047365952283144, 0.04475703164935112, 0.04878672584891319, 0.04006785675883293, 0.04163700640201569, 0.03823075741529465, 0.034085283428430556, 0.03593016713857651, 0.03930845558643341, 0.039313238114118576], "creg_RP Anti": [0.0, 0.0, 0.0, 0.0, 0.0, 0.0, 0.0, 0.0, 0.0, 0.0, 0.0], "perf_RP Anti": [0.18333333333333332, 0.4, 0.3333333333333333, 0.4, 0.45, 0.3333333333333333, 0.36666666666666664, 0.5333333333333334, 0.3666666666666667, 0.2833333333333333, 0.3166666666666667], "cost_RP Ctx1": [0.159253790974617, 0.04911382496356964, 0.04780066981911659, 0.042619535326957704, 0.03983021676540375, 0.040913570672273636, 0.039885210990905764, 0.03550317957997322, 0.035637419670820236, 0.03509674593806267, 0.03638013228774071], "creg_RP Ctx1": [0.0, 0.0, 0.0, 0.0, 0.0, 0.0, 0.0, 0.0, 0.0, 0.0, 0.0], "perf_RP Ctx1": [0.21666666666666665, 0.2666666666666667, 0.13333333333333336, 0.5333333333333333, 0.45, 0.4333333333333333, 0.26666666666666666, 0.5, 0.4666666666666666, 0.5, 0.4166666666666667], "cost_RP Ctx2": [0.15351792871952058, 0.04807130843400955, 0.04929632917046547, 0.040449585765600204, 0.03905801773071289, 0.03709878101944923, 0.038812678307294846, 0.04378673955798149, 0.039110217988491056, 0.03599090576171875, 0.03560622707009316], "creg_RP Ctx2": [0.0, 0.0, 0.0, 0.0, 0.0, 0.0, 0.0, 0.0, 0.0, 0.0, 0.0], "perf_RP Ctx2": [0.11666666666666665, 0.3666666666666667, 0.15, 0.5166666666666667, 0.4333333333333333, 0.5, 0.26666666666666666, 0.26666666666666666, 0.2833333333333333, 0.35, 0.5166666666666667], "cost_WM": [0.1595021367073059, 0.0431592307984829, 0.026307321339845657, 0.025545597448945044, 0.024653169512748718, 0.022025677561759948, 0.0209267046302557, 0.020181965082883835, 0.017516120336949825, 0.019763645157217978, 0.02093677632510662], "creg_WM": [0.0, 0.0, 0.0, 0.0, 0.0, 0.0, 0.0, 0.0, 0.0, 0.0, 0.0], "perf_WM": [0.09999999999999999, 0.2333333333333333, 0.13333333333333333, 0.0, 0.0, 0.15, 0.13333333333333333, 0.3, 0.33333333333333337, 0.2333333333333333, 0.2], "cost_WM Anti": [0.1568405658006668, 0.04055828973650932, 0.025846358761191367, 0.029175558313727378, 0.023729639872908593, 0.021363746374845505, 0.02250157743692398, 0.022011125460267067, 0.018089700490236282, 0.01927184350788593, 0.019499779492616654], "creg_WM Anti": [0.0, 0.0, 0.0, 0.0, 0.0, 0.0, 0.0, 0.0, 0.0, 0.0, 0.0], "perf_WM Anti": [0.18333333333333332, 0.2333333333333333, 0.09999999999999999, 0.0, 0.0, 0.15, 0.06666666666666667, 0.25, 0.4333333333333334, 0.23333333333333334, 0.23333333333333334], "cost_WM Ctx1": [0.1596673995256424, 0.037309038639068606, 0.027233265340328217, 0.036603907495737074, 0.029474885389208793, 0.024738405272364615, 0.023067354783415796, 0.026264989003539085, 0.022479136288166047, 0.022085532918572424, 0.023484882339835166], "creg_WM Ctx1": [0.0, 0.0, 0.0, 0.0, 0.0, 0.0, 0.0, 0.0, 0.0, 0.0, 0.0], "perf_WM Ctx1": [0.05, 0.33333333333333337, 0.0, 0.0, 0.0, 0.016666666666666666, 0.05, 0.13333333333333333, 0.14999999999999997, 0.14999999999999997, 0.03333333333333333], "cost_WM Ctx2": [0.16107145249843596, 0.03753431662917137, 0.02661042846739292, 0.030054832249879836, 0.025725504383444786, 0.024140094593167304, 0.024592966586351395, 0.025004282221198083, 0.024314985796809196, 0.023763680085539817, 0.02356640212237835], "creg_WM Ctx2": [0.0, 0.0, 0.0, 0.0, 0.0, 0.0, 0.0, 0.0, 0.0, 0.0, 0.0], "perf_WM Ctx2": [0.05, 0.3166666666666667, 0.016666666666666666, 0.0, 0.016666666666666666, 0.08333333333333333, 0.03333333333333333, 0.2166666666666667, 0.05, 0.4333333333333333, 0.13333333333333333]}